-- phpMyAdmin SQL Dump
-- version 4.8.3
-- https://www.phpmyadmin.net/
--
-- Servidor: 127.0.0.1
-- Tiempo de generación: 14-10-2022 a las 23:13:11
-- Versión del servidor: 10.1.36-MariaDB
-- Versión de PHP: 5.6.38

SET SQL_MODE = "NO_AUTO_VALUE_ON_ZERO";
SET AUTOCOMMIT = 0;
START TRANSACTION;
SET time_zone = "+00:00";


/*!40101 SET @OLD_CHARACTER_SET_CLIENT=@@CHARACTER_SET_CLIENT */;
/*!40101 SET @OLD_CHARACTER_SET_RESULTS=@@CHARACTER_SET_RESULTS */;
/*!40101 SET @OLD_COLLATION_CONNECTION=@@COLLATION_CONNECTION */;
/*!40101 SET NAMES utf8mb4 */;

--
-- Base de datos: `quieropack`
--

-- --------------------------------------------------------

--
-- Estructura de tabla para la tabla `cajas`
--

CREATE TABLE `cajas` (
  `id` int(11) NOT NULL,
  `nombre` varchar(60) NOT NULL,
  `largo` decimal(25,3) NOT NULL,
  `ancho` decimal(25,3) NOT NULL,
  `pliego` int(11) NOT NULL
) ENGINE=InnoDB DEFAULT CHARSET=latin1;

--
-- Volcado de datos para la tabla `cajas`
--

INSERT INTO `cajas` (`id`, `nombre`, `largo`, `ancho`, `pliego`) VALUES
(1, 'CAJA PIZZA GDE MICRO MM', '0.425', '0.850', 1),
(9, 'CAJA PIZZA GDE MICRO BM', '0.425', '0.850', 1),
(10, 'CAJA PIZZA CHICA MICRO MM', '0.420', '0.770', 1),
(11, 'CAJA PIZZA CHICA MICRO BM', '0.420', '0.770', 1),
(12, 'CAJA PIZZA 35 MICRO MM', '0.550', '0.910', 1),
(13, 'CAJA PIZZA 35 MICRO BM', '0.550', '0.910', 1),
(14, 'CAJA MEDIA PIZZA MICRO MM', '0.850', '0.530', 2),
(15, 'CAJA MEDIA PIZZA MICRO BM', '0.850', '0.530', 2),
(16, 'CAJA PIZZETA MICRO MM', '0.750', '1.000', 3),
(17, 'CAJA PIZZETA MICRO BM', '0.750', '1.000', 3),
(18, 'CAJA SUPER PIZZA MICRO MM', '0.650', '1.050', 1),
(19, 'CAJA SUPER PIZZA MICRO BM', '0.650', '1.050', 1),
(20, 'CAJA PIZZA OCTOGONAL MICRO MM', '0.425', '0.850', 1),
(21, 'CAJA PIZZA OCTOGONAL MICRO BM', '0.425', '0.850', 1),
(22, 'CAJA HAMBURGUESA MICRO MM', '0.650', '0.940', 3),
(23, 'CAJA HAMBURGUESA MICRO BM', '0.650', '0.940', 3),
(24, 'CAJA HAMBURGUESA DOBLE MICRO MM', '0.650', '0.940', 2),
(25, 'CAJA HAMBURGUESA DOBLE MICRO BM', '0.650', '0.940', 2),
(26, 'CAJA SANDWICH TOSTADO MICRO MM', '0.750', '0.530', 2),
(27, 'CAJA SANDWICH TOSTADO MICRO BM', '0.750', '0.530', 2),
(28, 'CAJA EMPANADA 1 DOC MICRO MM', '0.650', '0.780', 2),
(29, 'CAJA EMPANADA 1 DOC MICRO BM', '0.650', '0.780', 2),
(30, 'CAJA EMPANADA 1 DOC 1/2 MICRO MM', '0.420', '0.770', 1),
(31, 'CAJA EMPANADA 1 DOC 1/2 MICRO BM', '0.420', '0.770', 1),
(32, 'CAJA EMPANADA 2 DOC MICRO MM', '0.425', '0.850', 1),
(33, 'CAJA EMPANADA 2 DOC MICRO BM', '0.425', '0.850', 1),
(34, 'CAJA EMPANADA 2 DOC 1/2 MICRO MM', '0.850', '0.530', 1),
(35, 'CAJA EMPANADA 2 DOC 1/2 MICRO BM', '0.850', '0.530', 1),
(36, 'CAJA EMPANADA FACTORY MICRO MM', '0.420', '0.770', 1),
(37, 'CAJA EMPANADA FACTORY MICRO BM', '0.420', '0.770', 1),
(38, 'BASE CATERING GRANDE MICRO BM', '0.850', '0.720', 1),
(39, 'BASE CATERING CHICO MICRO BM', '0.650', '0.680', 1),
(40, 'CAJAS AROMA ZEN MICRO BM', '0.425', '0.850', 2),
(41, 'CAJA SOLENOIDE ARRANQUE', '0.425', '0.425', 1),
(42, 'CAJA BASE RAVIOL DOBLE SOLAPA MEDIANA', '0.850', '0.450', 3),
(43, 'CAJA PIZZA 15X40 MICRO MM', '0.650', '0.510', 1),
(44, 'CAJA PIZZA 15X40 MICRO BM', '0.650', '0.510', 1),
(46, 'CAJA PIZZA PARRILLA MICRO MM', '0.750', '0.670', 1),
(47, 'CAJA PIZZA PARRILLA MICRO BM', '0.750', '0.670', 1);

-- --------------------------------------------------------

--
-- Estructura de tabla para la tabla `calculos`
--

CREATE TABLE `calculos` (
  `id` int(11) NOT NULL,
  `id_caja` int(11) NOT NULL,
  `id_metroscuadrados` int(11) NOT NULL,
  `id_fletes` int(11) NOT NULL,
  `id_troquelados` int(11) NOT NULL,
  `id_empaquetados` int(11) NOT NULL,
  `id_puestas` int(11) NOT NULL,
  `id_onecolor` int(11) NOT NULL,
  `id_twocolor` int(11) NOT NULL,
  `id_pegamentos` int(11) DEFAULT NULL,
  `id_pegados` int(11) DEFAULT NULL,
  `costo_pliego` decimal(25,3) NOT NULL,
  `fecha` date DEFAULT NULL,
  `estado` int(11) NOT NULL,
  `iva` decimal(25,1) DEFAULT '0.0'
) ENGINE=InnoDB DEFAULT CHARSET=latin1;

--
-- Volcado de datos para la tabla `calculos`
--

INSERT INTO `calculos` (`id`, `id_caja`, `id_metroscuadrados`, `id_fletes`, `id_troquelados`, `id_empaquetados`, `id_puestas`, `id_onecolor`, `id_twocolor`, `id_pegamentos`, `id_pegados`, `costo_pliego`, `fecha`, `estado`, `iva`) VALUES
(1, 1, 1, 1, 3, 1, 2, 1, 1, 0, 0, '32.950', '2022-10-06', 0, '0.0'),
(9, 9, 2, 1, 3, 1, 2, 1, 1, 0, 0, '53.730', '2022-10-06', 0, '0.0'),
(10, 10, 1, 1, 3, 1, 2, 1, 1, 0, 0, '32.450', '2022-10-06', 0, '0.0'),
(11, 11, 2, 1, 3, 1, 2, 1, 1, 0, 0, '53.230', '2022-10-06', 0, '0.0'),
(12, 12, 1, 2, 1, 3, 3, 1, 1, 0, 0, '0.000', '2020-05-12', 1, '0.0'),
(13, 13, 2, 2, 1, 3, 3, 1, 1, 0, 0, '0.000', '2020-05-12', 1, '0.0'),
(14, 14, 1, 2, 2, 3, 3, 1, 1, 0, 0, '0.000', '2020-08-14', 1, '0.0'),
(15, 15, 2, 2, 1, 4, 3, 1, 1, 0, 0, '0.000', '2020-07-22', 1, '0.0'),
(16, 16, 1, 2, 1, 2, 3, 1, 1, 0, 0, '0.000', '2020-05-29', 1, '0.0'),
(17, 17, 2, 2, 1, 2, 3, 1, 1, 0, 0, '0.000', '2020-05-29', 1, '0.0'),
(18, 18, 1, 2, 1, 5, 3, 1, 1, 0, 0, '0.000', '2020-05-29', 1, '0.0'),
(19, 19, 2, 2, 2, 5, 3, 1, 1, NULL, NULL, '0.000', '2018-10-29', 1, '0.0'),
(21, 20, 1, 1, 3, 1, 5, 1, 1, 0, 0, '32.950', '2022-10-06', 0, '0.0'),
(22, 21, 2, 1, 3, 1, 5, 1, 1, 0, 0, '53.730', '2022-10-06', 0, '0.0'),
(23, 22, 1, 2, 1, 2, 3, 1, 1, 0, 0, '0.000', '2020-05-11', 1, '0.0'),
(24, 23, 2, 2, 1, 2, 3, 1, 1, 0, 0, '0.000', '2020-07-10', 1, '0.0'),
(25, 24, 1, 2, 1, 6, 3, 1, 1, 0, 0, '0.000', '2020-07-10', 1, '0.0'),
(26, 25, 2, 2, 1, 6, 3, 1, 1, 0, 0, '0.000', '2020-07-10', 1, '0.0'),
(27, 26, 1, 2, 1, 5, 3, 1, 1, 0, 0, '0.000', '2020-07-10', 1, '0.0'),
(28, 27, 2, 2, 1, 5, 3, 1, 1, 0, 0, '0.000', '2020-07-10', 1, '0.0'),
(29, 28, 1, 2, 1, 4, 3, 1, 1, 0, 0, '0.000', '2021-10-05', 1, '0.0'),
(30, 29, 2, 2, 1, 5, 3, 1, 1, 0, 0, '0.000', '2020-07-10', 1, '0.0'),
(32, 30, 1, 1, 3, 1, 5, 1, 1, 0, 0, '32.450', '2022-10-06', 0, '0.0'),
(33, 31, 2, 1, 3, 1, 5, 1, 1, 0, 0, '53.230', '2022-10-06', 0, '0.0'),
(34, 32, 1, 1, 3, 1, 5, 1, 1, 0, 0, '32.950', '2022-10-06', 0, '0.0'),
(35, 33, 2, 1, 3, 1, 5, 1, 1, 0, 0, '53.730', '2022-10-06', 0, '0.0'),
(36, 34, 1, 2, 1, 7, 3, 1, 1, 0, 0, '0.000', '2020-07-10', 1, '0.0'),
(37, 35, 2, 2, 1, 7, 3, 1, 1, 0, 0, '0.000', '2020-07-10', 1, '0.0'),
(38, 37, 2, 1, 1, 1, 1, 1, 1, 0, 0, '53.230', '2022-10-06', 0, '0.0'),
(39, 38, 2, 2, 1, 9, 3, 1, 1, 0, 0, '0.000', '2020-07-10', 1, '10.5'),
(40, 39, 2, 2, 1, 11, 3, 1, 1, 0, 0, '0.000', '2020-07-10', 1, '10.5'),
(41, 40, 2, 1, 1, 8, 1, 1, 1, 0, 0, '53.730', '2022-10-06', 0, '10.5'),
(44, 41, 1, 1, 1, 10, 1, 1, 1, 2, 4, '0.000', '2020-07-29', 1, '10.5'),
(46, 42, 2, 1, 2, 7, 4, 1, 1, 0, 0, '0.000', '2019-07-01', 1, '10.5'),
(47, 43, 1, 2, 1, 6, 3, 1, 1, 0, 0, '0.000', '2020-07-25', 1, '0.0'),
(48, 44, 2, 2, 1, 6, 3, 1, 1, 0, 0, '0.000', '2020-07-25', 1, '0.0'),
(50, 46, 1, 2, 1, 3, 3, 1, 1, 0, 0, '0.000', '2020-09-28', 1, '0.0'),
(51, 47, 2, 2, 1, 3, 3, 1, 1, 0, 0, '0.000', '2020-09-28', 1, '0.0');

-- --------------------------------------------------------

--
-- Estructura de tabla para la tabla `cambios_listado`
--

CREATE TABLE `cambios_listado` (
  `id` int(11) NOT NULL,
  `id_calculo` int(11) NOT NULL,
  `id_caja` int(11) NOT NULL,
  `id_metroscuadrados` int(11) NOT NULL,
  `id_fletes` int(11) NOT NULL,
  `id_troquelados` int(11) NOT NULL,
  `id_empaquetados` int(11) NOT NULL,
  `id_puestas` int(11) NOT NULL,
  `id_onecolor` int(11) NOT NULL,
  `id_twocolor` int(11) NOT NULL,
  `costo_pliego` decimal(25,3) NOT NULL,
  `fecha` date DEFAULT NULL,
  `estado` int(11) NOT NULL
) ENGINE=InnoDB DEFAULT CHARSET=latin1;

-- --------------------------------------------------------

--
-- Estructura de tabla para la tabla `cambios_precio`
--

CREATE TABLE `cambios_precio` (
  `id` int(60) NOT NULL,
  `id_calculo` int(60) DEFAULT NULL,
  `identificacion` int(60) DEFAULT NULL,
  `nombre` varchar(60) NOT NULL,
  `precio_anterior` decimal(25,3) NOT NULL,
  `precio_modificado` decimal(25,3) NOT NULL,
  `fecha` date NOT NULL
) ENGINE=InnoDB DEFAULT CHARSET=latin1;

--
-- Volcado de datos para la tabla `cambios_precio`
--

INSERT INTO `cambios_precio` (`id`, `id_calculo`, `identificacion`, `nombre`, `precio_anterior`, `precio_modificado`, `fecha`) VALUES
(95, NULL, 1, 'fletes', '0.270', '0.280', '2019-11-15'),
(96, NULL, 1, 'fletes', '0.280', '0.270', '2019-11-15'),
(97, NULL, 1, 'puestas', '0.784', '0.784', '2020-01-15'),
(98, NULL, 3, 'puestas', '1.080', '1.080', '2020-01-15'),
(99, NULL, 1, 'metros cuadrados', '17.892', '18.786', '2020-03-11'),
(100, NULL, 2, 'metros cuadrados', '27.636', '29.017', '2020-03-11'),
(101, NULL, 1, 'metros cuadrados', '18.786', '19.913', '2020-05-11'),
(102, NULL, 2, 'metros cuadrados', '29.017', '30.758', '2020-05-11'),
(103, NULL, 1, 'fletes', '0.270', '0.330', '2020-05-11'),
(104, NULL, 2, 'fletes', '0.520', '0.660', '2020-05-11'),
(105, NULL, 1, 'puestas', '0.784', '1.750', '2020-05-11'),
(106, NULL, 3, 'puestas', '1.080', '2.100', '2020-05-11'),
(107, NULL, 4, 'puestas', '0.784', '1.750', '2020-05-11'),
(108, NULL, 1, 'troquelados', '0.735', '0.780', '2020-05-11'),
(109, NULL, 2, 'troquelados', '0.950', '2.100', '2020-05-11'),
(110, NULL, 1, 'troquelados', '0.780', '2.100', '2020-05-11'),
(111, NULL, 2, 'troquelados', '2.100', '1.750', '2020-05-11'),
(112, NULL, 1, '1 color', '1.200', '1.300', '2020-05-11'),
(113, NULL, 2, '2 colores', '1.760', '1.950', '2020-05-11'),
(114, NULL, 1, 'empaquetados', '0.138', '0.160', '2020-05-11'),
(115, NULL, 2, 'empaquetados', '0.345', '0.400', '2020-05-11'),
(116, NULL, 3, 'empaquetados', '0.253', '0.293', '2020-05-11'),
(117, NULL, 4, 'empaquetados', '0.230', '0.266', '2020-05-11'),
(118, NULL, 5, 'empaquetados', '0.230', '0.266', '2020-05-11'),
(119, NULL, 6, 'empaquetados', '0.287', '0.332', '2020-05-11'),
(120, NULL, 7, 'empaquetados', '0.322', '0.373', '2020-05-11'),
(121, NULL, 8, 'empaquetados', '0.115', '0.133', '2020-05-11'),
(122, NULL, 9, 'empaquetados', '0.860', '0.990', '2020-05-11'),
(123, NULL, 10, 'empaquetados', '0.138', '0.160', '2020-05-11'),
(124, NULL, 11, 'empaquetados', '0.860', '0.990', '2020-05-11'),
(125, NULL, 12, 'empaquetados', '0.400', '0.460', '2020-05-11'),
(126, NULL, 2, 'fletes', '0.660', '0.600', '2020-05-11'),
(127, NULL, 2, 'troquelados', '1.750', '1.750', '2020-05-12'),
(128, NULL, 3, 'troquelados', '0.000', '0.000', '2020-05-12'),
(129, NULL, 3, 'troquelados', '0.000', '0.825', '2020-05-12'),
(130, NULL, 3, 'troquelados', '0.825', '0.825', '2020-05-12'),
(131, NULL, 1, 'metros cuadrados', '19.913', '21.506', '2020-05-28'),
(132, NULL, 2, 'metros cuadrados', '30.758', '33.218', '2020-05-28'),
(133, NULL, 1, '1 color', '1.300', '1.500', '2020-05-28'),
(134, NULL, 2, '2 colores', '1.950', '2.500', '2020-05-28'),
(135, NULL, 1, 'metros cuadrados', '21.506', '19.913', '2020-05-28'),
(136, NULL, 1, 'metros cuadrados', '19.913', '21.506', '2020-05-28'),
(137, NULL, 1, 'metros cuadrados', '21.506', '23.230', '2020-07-07'),
(138, NULL, 2, 'metros cuadrados', '33.218', '35.870', '2020-07-07'),
(139, NULL, 3, 'fletes', '0.300', '0.350', '2020-07-07'),
(140, NULL, 3, 'troquelados', '0.825', '0.973', '2020-07-10'),
(141, NULL, 3, 'troquelados', '0.973', '1.000', '2020-07-10'),
(142, NULL, 1, 'empaquetados', '0.160', '0.150', '2020-07-10'),
(143, NULL, 1, '1 color', '1.500', '1.620', '2020-07-10'),
(144, NULL, 3, '2 colores', '2.500', '2.700', '2020-07-10'),
(145, NULL, 1, 'fletes', '0.330', '0.350', '2020-07-10'),
(146, NULL, 2, 'fletes', '0.600', '0.700', '2020-07-10'),
(147, NULL, 3, 'empaquetados', '0.293', '0.300', '2020-07-10'),
(148, NULL, 4, 'empaquetados', '0.266', '0.300', '2020-07-10'),
(149, NULL, 5, 'empaquetados', '0.266', '0.300', '2020-07-10'),
(150, NULL, 6, 'empaquetados', '0.332', '0.300', '2020-07-10'),
(151, NULL, 7, 'empaquetados', '0.373', '0.300', '2020-07-10'),
(152, NULL, 12, 'empaquetados', '0.460', '0.500', '2020-07-10'),
(153, NULL, 1, 'metros cuadrados', '23.230', '25.090', '2020-07-20'),
(154, NULL, 2, 'metros cuadrados', '35.870', '38.739', '2020-07-20'),
(155, NULL, 1, '1 color', '1.620', '1.750', '2020-07-20'),
(156, NULL, 3, '2 colores', '2.700', '2.910', '2020-07-20'),
(157, NULL, 1, 'metros cuadrados', '25.090', '27.097', '2020-07-22'),
(158, NULL, 2, 'metros cuadrados', '38.739', '41.830', '2020-07-22'),
(159, NULL, 1, '1 color', '1.750', '1.890', '2020-07-22'),
(160, NULL, 3, '2 colores', '2.910', '3.142', '2020-07-22'),
(161, NULL, 2, 'metros cuadrados', '41.830', '38.739', '2020-07-22'),
(162, NULL, 1, 'metros cuadrados', '27.097', '25.090', '2020-07-22'),
(163, NULL, 1, '1 color', '1.890', '1.750', '2020-07-22'),
(164, NULL, 3, '2 colores', '3.142', '2.910', '2020-07-22'),
(165, NULL, 3, 'troquelados', '1.000', '1.080', '2020-07-22'),
(166, NULL, 1, 'empaquetados', '0.150', '0.160', '2020-07-22'),
(167, NULL, 2, 'empaquetados', '0.400', '0.440', '2020-07-22'),
(168, NULL, 3, 'empaquetados', '0.300', '0.325', '2020-07-22'),
(169, NULL, 4, 'empaquetados', '0.300', '0.325', '2020-07-22'),
(170, NULL, 5, 'empaquetados', '0.300', '0.325', '2020-07-22'),
(171, NULL, 6, 'empaquetados', '0.300', '0.325', '2020-07-22'),
(172, NULL, 7, 'empaquetados', '0.300', '0.325', '2020-07-22'),
(173, NULL, 8, 'empaquetados', '0.133', '0.143', '2020-07-22'),
(174, NULL, 9, 'empaquetados', '0.990', '1.060', '2020-07-22'),
(175, NULL, 9, 'empaquetados', '1.060', '1.069', '2020-07-22'),
(176, NULL, 10, 'empaquetados', '0.160', '0.172', '2020-07-22'),
(177, NULL, 11, 'empaquetados', '0.990', '1.069', '2020-07-22'),
(178, NULL, 12, 'empaquetados', '0.500', '0.540', '2020-07-22'),
(179, NULL, 3, 'empaquetados', '0.325', '0.300', '2020-07-22'),
(180, NULL, 3, 'empaquetados', '0.300', '0.325', '2020-07-22'),
(181, NULL, 1, 'metros cuadrados', '25.090', '27.840', '2020-07-28'),
(182, NULL, 2, 'metros cuadrados', '38.739', '43.000', '2020-07-28'),
(183, NULL, 6, 'fletes', '0.100', '0.140', '2020-07-28'),
(184, NULL, 6, 'fletes', '0.140', '0.160', '2020-07-28'),
(185, NULL, 3, 'empaquetados', '0.325', '0.357', '2020-08-14'),
(186, NULL, 1, 'fletes', '0.350', '0.385', '2020-08-14'),
(187, NULL, 2, 'fletes', '0.700', '0.770', '2020-08-14'),
(188, NULL, 3, 'fletes', '0.350', '0.385', '2020-08-14'),
(189, NULL, 4, 'fletes', '0.400', '0.440', '2020-08-14'),
(190, NULL, 6, 'fletes', '0.160', '0.176', '2020-08-14'),
(191, NULL, 1, 'metros cuadrados', '27.840', '30.624', '2020-08-14'),
(192, NULL, 2, 'metros cuadrados', '43.000', '47.300', '2020-08-14'),
(193, NULL, 3, 'puestas', '2.100', '2.310', '2020-08-14'),
(194, NULL, 1, 'puestas', '1.750', '1.925', '2020-08-14'),
(195, NULL, 4, 'puestas', '1.750', '1.925', '2020-08-14'),
(196, NULL, 5, 'puestas', '1.000', '1.100', '2020-08-14'),
(197, NULL, 1, 'troquelados', '2.100', '2.310', '2020-08-14'),
(198, NULL, 2, 'troquelados', '1.750', '1.925', '2020-08-14'),
(199, NULL, 1, '1 color', '1.750', '1.925', '2020-08-14'),
(200, NULL, 3, '2 colores', '2.910', '3.200', '2020-08-14'),
(201, NULL, 1, 'empaquetados', '0.160', '0.176', '2020-08-14'),
(202, NULL, 2, 'empaquetados', '0.440', '0.484', '2020-08-14'),
(203, NULL, 5, 'empaquetados', '0.325', '0.357', '2020-08-14'),
(204, NULL, 6, 'empaquetados', '0.325', '0.357', '2020-08-14'),
(205, NULL, 7, 'empaquetados', '0.325', '0.357', '2020-08-14'),
(206, NULL, 8, 'empaquetados', '0.143', '0.157', '2020-08-14'),
(207, NULL, 9, 'empaquetados', '1.069', '1.175', '2020-08-14'),
(208, NULL, 10, 'empaquetados', '0.172', '0.189', '2020-08-14'),
(209, NULL, 11, 'empaquetados', '1.069', '1.175', '2020-08-14'),
(210, NULL, 12, 'empaquetados', '0.540', '0.594', '2020-08-14'),
(211, NULL, 3, 'troquelados', '1.080', '1.188', '2020-08-14'),
(212, NULL, 2, 'metros cuadrados', '47.300', '45.150', '2020-08-19'),
(213, NULL, 2, 'metros cuadrados', '45.150', '45.500', '2020-08-19'),
(214, NULL, 2, 'metros cuadrados', '45.500', '45.400', '2020-08-19'),
(215, NULL, 2, 'metros cuadrados', '45.400', '45.250', '2020-08-19'),
(216, NULL, 1, 'metros cuadrados', '30.624', '29.150', '2020-08-26'),
(217, NULL, 2, 'metros cuadrados', '45.250', '36.570', '2020-08-26'),
(218, NULL, 1, 'metros cuadrados', '29.150', '30.624', '2020-08-26'),
(219, NULL, 2, 'metros cuadrados', '36.570', '45.250', '2020-08-26'),
(220, NULL, 1, 'empaquetados', '0.176', '0.191', '2020-09-07'),
(221, NULL, 2, 'empaquetados', '0.484', '0.527', '2020-09-07'),
(222, NULL, 3, 'empaquetados', '0.357', '0.389', '2020-09-07'),
(223, NULL, 4, 'empaquetados', '0.325', '0.354', '2020-09-07'),
(224, NULL, 5, 'empaquetados', '0.357', '0.389', '2020-09-07'),
(225, NULL, 6, 'empaquetados', '0.357', '0.389', '2020-09-07'),
(226, NULL, 7, 'empaquetados', '0.357', '0.389', '2020-09-07'),
(227, NULL, 8, 'empaquetados', '0.157', '0.171', '2020-09-07'),
(228, NULL, 9, 'empaquetados', '1.175', '1.280', '2020-09-07'),
(229, NULL, 10, 'empaquetados', '0.189', '0.206', '2020-09-07'),
(230, NULL, 11, 'empaquetados', '1.175', '1.280', '2020-09-07'),
(231, NULL, 12, 'empaquetados', '0.594', '0.647', '2020-09-07'),
(232, NULL, 1, 'fletes', '0.385', '0.419', '2020-09-07'),
(233, NULL, 2, 'fletes', '0.770', '0.839', '2020-09-07'),
(234, NULL, 3, 'fletes', '0.385', '0.419', '2020-09-07'),
(235, NULL, 4, 'fletes', '0.440', '0.479', '2020-09-07'),
(236, NULL, 6, 'fletes', '0.176', '0.191', '2020-09-07'),
(237, NULL, 1, 'metros cuadrados', '30.624', '33.380', '2020-09-07'),
(238, NULL, 2, 'metros cuadrados', '45.250', '49.322', '2020-09-07'),
(239, NULL, 1, 'puestas', '1.925', '2.098', '2020-09-07'),
(240, NULL, 3, 'puestas', '2.310', '2.517', '2020-09-07'),
(241, NULL, 4, 'puestas', '1.925', '2.098', '2020-09-07'),
(242, NULL, 5, 'puestas', '1.100', '1.199', '2020-09-07'),
(243, NULL, 1, 'troquelados', '2.310', '2.517', '2020-09-07'),
(244, NULL, 2, 'troquelados', '1.925', '2.098', '2020-09-07'),
(245, NULL, 3, 'troquelados', '1.188', '1.294', '2020-09-07'),
(246, NULL, 1, '1 color', '1.925', '2.098', '2020-09-07'),
(247, NULL, 3, '2 colores', '3.200', '3.488', '2020-09-07'),
(248, NULL, 3, 'empaquetados', '0.389', '0.389', '2020-09-28'),
(249, NULL, 1, 'empaquetados', '0.191', '0.202', '2020-09-29'),
(250, NULL, 2, 'empaquetados', '0.527', '0.558', '2020-09-29'),
(251, NULL, 3, 'empaquetados', '0.389', '0.412', '2020-09-29'),
(252, NULL, 4, 'empaquetados', '0.354', '0.375', '2020-09-29'),
(253, NULL, 5, 'empaquetados', '0.389', '0.412', '2020-09-29'),
(254, NULL, 6, 'empaquetados', '0.389', '0.412', '2020-09-29'),
(255, NULL, 7, 'empaquetados', '0.389', '0.412', '2020-09-29'),
(256, NULL, 8, 'empaquetados', '0.171', '0.181', '2020-09-29'),
(257, NULL, 9, 'empaquetados', '1.280', '1.356', '2020-09-29'),
(258, NULL, 10, 'empaquetados', '0.206', '0.218', '2020-09-29'),
(259, NULL, 11, 'empaquetados', '1.280', '1.356', '2020-09-29'),
(260, NULL, 12, 'empaquetados', '0.647', '0.685', '2020-09-29'),
(261, NULL, 1, 'fletes', '0.419', '0.444', '2020-09-29'),
(262, NULL, 3, 'fletes', '0.419', '0.444', '2020-09-29'),
(263, NULL, 2, 'fletes', '0.839', '0.889', '2020-09-29'),
(264, NULL, 4, 'fletes', '0.479', '0.507', '2020-09-29'),
(265, NULL, 6, 'fletes', '0.191', '0.202', '2020-09-29'),
(266, NULL, 1, 'metros cuadrados', '33.380', '35.382', '2020-09-29'),
(267, NULL, 2, 'metros cuadrados', '49.322', '52.281', '2020-09-29'),
(268, NULL, 1, 'puestas', '2.098', '2.223', '2020-09-29'),
(269, NULL, 3, 'puestas', '2.517', '2.668', '2020-09-29'),
(270, NULL, 4, 'puestas', '2.098', '2.223', '2020-09-29'),
(271, NULL, 5, 'puestas', '1.199', '1.270', '2020-09-29'),
(272, NULL, 1, 'troquelados', '2.517', '2.668', '2020-09-29'),
(273, NULL, 2, 'troquelados', '2.098', '2.223', '2020-09-29'),
(274, NULL, 3, 'troquelados', '1.294', '1.371', '2020-09-29'),
(275, NULL, 1, '1 color', '2.098', '2.223', '2020-09-29'),
(276, NULL, 3, '2 colores', '3.488', '3.697', '2020-09-29'),
(277, NULL, 1, 'empaquetados', '0.202', '0.212', '2020-12-01'),
(278, NULL, 2, 'empaquetados', '0.558', '0.586', '2020-12-01'),
(279, NULL, 3, 'empaquetados', '0.412', '0.432', '2020-12-01'),
(280, NULL, 4, 'empaquetados', '0.375', '0.393', '2020-12-01'),
(281, NULL, 5, 'empaquetados', '0.412', '0.432', '2020-12-01'),
(282, NULL, 6, 'empaquetados', '0.412', '0.432', '2020-12-01'),
(283, NULL, 7, 'empaquetados', '0.412', '0.432', '2020-12-01'),
(284, NULL, 8, 'empaquetados', '0.181', '0.190', '2020-12-01'),
(285, NULL, 9, 'empaquetados', '1.356', '1.423', '2020-12-01'),
(286, NULL, 10, 'empaquetados', '0.218', '0.228', '2020-12-01'),
(287, NULL, 11, 'empaquetados', '1.356', '1.423', '2020-12-01'),
(288, NULL, 12, 'empaquetados', '0.685', '0.719', '2020-12-01'),
(289, NULL, 1, 'fletes', '0.444', '0.466', '2020-12-01'),
(290, NULL, 3, 'fletes', '0.444', '0.466', '2020-12-01'),
(291, NULL, 2, 'fletes', '0.889', '0.933', '2020-12-01'),
(292, NULL, 4, 'fletes', '0.507', '0.532', '2020-12-01'),
(293, NULL, 6, 'fletes', '0.202', '0.212', '2020-12-01'),
(294, NULL, 1, 'metros cuadrados', '35.382', '37.151', '2020-12-01'),
(295, NULL, 2, 'metros cuadrados', '52.281', '54.895', '2020-12-01'),
(296, NULL, 1, 'puestas', '2.223', '2.334', '2020-12-01'),
(297, NULL, 3, 'puestas', '2.668', '2.801', '2020-12-01'),
(298, NULL, 4, 'puestas', '2.223', '2.334', '2020-12-01'),
(299, NULL, 5, 'puestas', '1.270', '1.333', '2020-12-01'),
(300, NULL, 1, 'troquelados', '2.668', '2.801', '2020-12-01'),
(301, NULL, 2, 'troquelados', '2.223', '2.334', '2020-12-01'),
(302, NULL, 3, 'troquelados', '1.371', '1.439', '2020-12-01'),
(303, NULL, 1, '1 color', '2.223', '2.334', '2020-12-01'),
(304, NULL, 4, '2 colores', '3.697', '3.881', '2020-12-01'),
(305, NULL, 1, 'empaquetados', '0.212', '0.226', '2021-02-01'),
(306, NULL, 2, 'empaquetados', '0.586', '0.627', '2021-02-01'),
(307, NULL, 3, 'empaquetados', '0.432', '0.462', '2021-02-01'),
(308, NULL, 4, 'empaquetados', '0.393', '0.420', '2021-02-01'),
(309, NULL, 5, 'empaquetados', '0.432', '0.462', '2021-02-01'),
(310, NULL, 6, 'empaquetados', '0.432', '0.462', '2021-02-01'),
(311, NULL, 7, 'empaquetados', '0.432', '0.462', '2021-02-01'),
(312, NULL, 8, 'empaquetados', '0.190', '0.203', '2021-02-01'),
(313, NULL, 9, 'empaquetados', '1.423', '1.522', '2021-02-01'),
(314, NULL, 10, 'empaquetados', '0.228', '0.243', '2021-02-01'),
(315, NULL, 11, 'empaquetados', '1.423', '1.522', '2021-02-01'),
(316, NULL, 12, 'empaquetados', '0.719', '0.769', '2021-02-01'),
(317, NULL, 1, 'fletes', '0.466', '0.498', '2021-02-01'),
(318, NULL, 3, 'fletes', '0.466', '0.498', '2021-02-01'),
(319, NULL, 2, 'fletes', '0.933', '0.998', '2021-02-01'),
(320, NULL, 4, 'fletes', '0.532', '0.569', '2021-02-01'),
(321, NULL, 6, 'fletes', '0.212', '0.226', '2021-02-01'),
(322, NULL, 1, 'metros cuadrados', '37.151', '39.751', '2021-02-01'),
(323, NULL, 2, 'metros cuadrados', '54.895', '58.737', '2021-02-01'),
(324, NULL, 1, 'puestas', '2.334', '2.497', '2021-02-01'),
(325, NULL, 3, 'puestas', '2.801', '2.997', '2021-02-01'),
(326, NULL, 4, 'puestas', '2.334', '2.497', '2021-02-01'),
(327, NULL, 5, 'puestas', '1.333', '1.426', '2021-02-01'),
(328, NULL, 1, 'troquelados', '2.801', '2.997', '2021-02-01'),
(329, NULL, 2, 'troquelados', '2.334', '2.497', '2021-02-01'),
(330, NULL, 3, 'troquelados', '1.439', '1.539', '2021-02-01'),
(331, NULL, 1, '1 color', '2.334', '2.497', '2021-02-01'),
(332, NULL, 4, '2 colores', '3.881', '4.152', '2021-02-01'),
(333, NULL, 1, 'empaquetados', '0.226', '0.239', '2021-02-01'),
(334, NULL, 2, 'empaquetados', '0.627', '0.664', '2021-02-01'),
(335, NULL, 3, 'empaquetados', '0.462', '0.489', '2021-02-01'),
(336, NULL, 4, 'empaquetados', '0.420', '0.445', '2021-02-01'),
(337, NULL, 5, 'empaquetados', '0.462', '0.489', '2021-02-01'),
(338, NULL, 6, 'empaquetados', '0.462', '0.489', '2021-02-01'),
(339, NULL, 7, 'empaquetados', '0.462', '0.489', '2021-02-01'),
(340, NULL, 8, 'empaquetados', '0.203', '0.215', '2021-02-01'),
(341, NULL, 9, 'empaquetados', '1.522', '1.613', '2021-02-01'),
(342, NULL, 10, 'empaquetados', '0.243', '0.257', '2021-02-01'),
(343, NULL, 11, 'empaquetados', '1.522', '1.613', '2021-02-01'),
(344, NULL, 12, 'empaquetados', '0.769', '0.815', '2021-02-01'),
(345, NULL, 1, 'fletes', '0.498', '0.527', '2021-02-01'),
(346, NULL, 2, 'fletes', '0.998', '1.057', '2021-02-01'),
(347, NULL, 3, 'fletes', '0.498', '0.527', '2021-02-01'),
(348, NULL, 4, 'fletes', '0.569', '0.603', '2021-02-01'),
(349, NULL, 6, 'fletes', '0.226', '0.239', '2021-02-01'),
(350, NULL, 1, 'metros cuadrados', '39.751', '42.136', '2021-02-01'),
(351, NULL, 2, 'metros cuadrados', '58.737', '62.261', '2021-02-01'),
(352, NULL, 1, 'puestas', '2.497', '2.646', '2021-02-01'),
(353, NULL, 3, 'puestas', '2.997', '3.176', '2021-02-01'),
(354, NULL, 4, 'puestas', '2.497', '2.646', '2021-02-01'),
(355, NULL, 5, 'puestas', '1.426', '1.511', '2021-02-01'),
(356, NULL, 1, 'troquelados', '2.997', '3.176', '2021-02-01'),
(357, NULL, 2, 'troquelados', '2.497', '2.646', '2021-02-01'),
(358, NULL, 3, 'troquelados', '1.539', '1.631', '2021-02-01'),
(359, NULL, 1, '1 color', '2.497', '2.646', '2021-02-01'),
(360, NULL, 4, '2 colores', '4.152', '4.000', '2021-02-01'),
(361, NULL, 4, '2 colores', '4.000', '4.401', '2021-02-01'),
(362, NULL, 1, 'metros cuadrados', '42.136', '45.085', '2021-02-23'),
(363, NULL, 2, 'metros cuadrados', '62.261', '66.619', '2021-02-23'),
(364, NULL, 1, 'empaquetados', '0.239', '0.300', '2021-02-23'),
(365, NULL, 1, 'empaquetados', '0.300', '0.321', '2021-04-09'),
(366, NULL, 2, 'empaquetados', '0.664', '0.710', '2021-04-09'),
(367, NULL, 3, 'empaquetados', '0.489', '0.523', '2021-04-09'),
(368, NULL, 4, 'empaquetados', '0.445', '0.476', '2021-04-09'),
(369, NULL, 5, 'empaquetados', '0.489', '0.523', '2021-04-09'),
(370, NULL, 6, 'empaquetados', '0.489', '0.523', '2021-04-09'),
(371, NULL, 7, 'empaquetados', '0.489', '0.523', '2021-04-09'),
(372, NULL, 8, 'empaquetados', '0.215', '0.230', '2021-04-09'),
(373, NULL, 9, 'empaquetados', '1.613', '1.725', '2021-04-09'),
(374, NULL, 10, 'empaquetados', '0.257', '0.275', '2021-04-09'),
(375, NULL, 11, 'empaquetados', '1.613', '1.725', '2021-04-09'),
(376, NULL, 12, 'empaquetados', '0.815', '0.872', '2021-04-09'),
(377, NULL, 1, 'fletes', '0.527', '0.563', '2021-04-09'),
(378, NULL, 3, 'fletes', '0.527', '0.563', '2021-04-09'),
(379, NULL, 2, 'fletes', '1.057', '1.131', '2021-04-09'),
(380, NULL, 4, 'fletes', '0.603', '0.645', '2021-04-09'),
(381, NULL, 6, 'fletes', '0.239', '0.255', '2021-04-09'),
(382, NULL, 1, 'metros cuadrados', '45.085', '48.240', '2021-04-09'),
(383, NULL, 2, 'metros cuadrados', '66.619', '71.282', '2021-04-09'),
(384, NULL, 1, 'puestas', '2.646', '2.831', '2021-04-09'),
(385, NULL, 3, 'puestas', '3.176', '3.398', '2021-04-09'),
(386, NULL, 4, 'puestas', '2.646', '2.831', '2021-04-09'),
(387, NULL, 5, 'puestas', '1.511', '1.616', '2021-04-09'),
(388, NULL, 1, 'troquelados', '3.176', '3.398', '2021-04-09'),
(389, NULL, 2, 'troquelados', '2.646', '2.831', '2021-04-09'),
(390, NULL, 3, 'troquelados', '1.631', '1.745', '2021-04-09'),
(391, NULL, 1, '1 color', '2.646', '2.831', '2021-04-09'),
(392, NULL, 4, '2 colores', '4.401', '7.709', '2021-04-09'),
(393, NULL, 8, '2 colores', '7.709', '4.709', '2021-04-09'),
(394, NULL, 1, 'empaquetados', '0.321', '0.333', '2021-04-28'),
(395, NULL, 2, 'empaquetados', '0.710', '0.738', '2021-04-28'),
(396, NULL, 3, 'empaquetados', '0.523', '0.543', '2021-04-28'),
(397, NULL, 4, 'empaquetados', '0.476', '0.450', '2021-04-28'),
(398, NULL, 5, 'empaquetados', '0.523', '0.544', '2021-04-28'),
(399, NULL, 6, 'empaquetados', '0.523', '0.544', '2021-04-28'),
(400, NULL, 7, 'empaquetados', '0.523', '0.544', '2021-04-28'),
(401, NULL, 8, 'empaquetados', '0.230', '0.239', '2021-04-28'),
(402, NULL, 9, 'empaquetados', '1.725', '1.794', '2021-04-28'),
(403, NULL, 10, 'empaquetados', '0.275', '0.286', '2021-04-28'),
(404, NULL, 11, 'empaquetados', '1.725', '1.794', '2021-04-28'),
(405, NULL, 12, 'empaquetados', '0.872', '0.906', '2021-04-28'),
(406, NULL, 1, 'fletes', '0.563', '0.585', '2021-04-28'),
(407, NULL, 2, 'fletes', '1.131', '1.176', '2021-04-28'),
(408, NULL, 3, 'fletes', '0.563', '0.585', '2021-04-28'),
(409, NULL, 4, 'fletes', '0.645', '0.670', '2021-04-28'),
(410, NULL, 6, 'fletes', '0.255', '0.265', '2021-04-28'),
(411, NULL, 1, 'metros cuadrados', '48.240', '50.169', '2021-04-28'),
(412, NULL, 2, 'metros cuadrados', '71.282', '74.133', '2021-04-28'),
(413, NULL, 1, 'puestas', '2.831', '2.944', '2021-04-28'),
(414, NULL, 3, 'puestas', '3.398', '3.533', '2021-04-28'),
(415, NULL, 4, 'puestas', '2.831', '2.944', '2021-04-28'),
(416, NULL, 5, 'puestas', '1.616', '1.680', '2021-04-28'),
(417, NULL, 1, 'troquelados', '3.398', '3.533', '2021-04-28'),
(418, NULL, 2, 'troquelados', '2.831', '2.944', '2021-04-28'),
(419, NULL, 3, 'troquelados', '1.745', '1.814', '2021-04-28'),
(420, NULL, 1, '1 color', '2.831', '2.944', '2021-04-28'),
(421, NULL, 5, '2 colores', '4.709', '4.897', '2021-04-28'),
(422, NULL, 1, 'empaquetados', '0.333', '0.346', '2021-06-03'),
(423, NULL, 2, 'empaquetados', '0.738', '0.768', '2021-06-03'),
(424, NULL, 3, 'empaquetados', '0.543', '0.564', '2021-06-03'),
(425, NULL, 4, 'empaquetados', '0.450', '0.468', '2021-06-03'),
(426, NULL, 5, 'empaquetados', '0.544', '0.565', '2021-06-03'),
(427, NULL, 6, 'empaquetados', '0.544', '0.565', '2021-06-03'),
(428, NULL, 7, 'empaquetados', '0.544', '0.565', '2021-06-03'),
(429, NULL, 8, 'empaquetados', '0.239', '0.248', '2021-06-03'),
(430, NULL, 9, 'empaquetados', '1.794', '1.865', '2021-06-03'),
(431, NULL, 10, 'empaquetados', '0.286', '0.297', '2021-06-03'),
(432, NULL, 11, 'empaquetados', '1.794', '1.865', '2021-06-03'),
(433, NULL, 12, 'empaquetados', '0.906', '0.942', '2021-06-03'),
(434, NULL, 1, 'fletes', '0.585', '0.608', '2021-06-03'),
(435, NULL, 2, 'fletes', '1.176', '1.223', '2021-06-03'),
(436, NULL, 3, 'fletes', '0.585', '0.608', '2021-06-03'),
(437, NULL, 4, 'fletes', '0.670', '0.696', '2021-06-03'),
(438, NULL, 6, 'fletes', '0.265', '0.275', '2021-06-03'),
(439, NULL, 1, 'metros cuadrados', '50.169', '52.175', '2021-06-03'),
(440, NULL, 2, 'metros cuadrados', '74.133', '77.098', '2021-06-03'),
(441, NULL, 1, 'puestas', '2.944', '3.060', '2021-06-03'),
(442, NULL, 3, 'puestas', '3.533', '3.674', '2021-06-03'),
(443, NULL, 4, 'puestas', '2.944', '3.060', '2021-06-03'),
(444, NULL, 5, 'puestas', '1.680', '1.747', '2021-06-03'),
(445, NULL, 1, 'troquelados', '3.533', '3.674', '2021-06-03'),
(446, NULL, 2, 'troquelados', '2.944', '3.060', '2021-06-03'),
(447, NULL, 3, 'troquelados', '1.814', '1.886', '2021-06-03'),
(448, NULL, 1, '1 color', '2.944', '3.060', '2021-06-03'),
(449, NULL, 5, '2 colores', '4.897', '5.092', '2021-06-03'),
(450, NULL, 1, 'empaquetados', '0.346', '0.366', '2021-06-30'),
(451, NULL, 2, 'empaquetados', '0.768', '0.814', '2021-06-30'),
(452, NULL, 3, 'empaquetados', '0.564', '0.597', '2021-06-30'),
(453, NULL, 4, 'empaquetados', '0.468', '0.496', '2021-06-30'),
(454, NULL, 5, 'empaquetados', '0.565', '0.598', '2021-06-30'),
(455, NULL, 6, 'empaquetados', '0.565', '0.598', '2021-06-30'),
(456, NULL, 7, 'empaquetados', '0.565', '0.598', '2021-06-30'),
(457, NULL, 8, 'empaquetados', '0.248', '0.262', '2021-06-30'),
(458, NULL, 9, 'empaquetados', '1.865', '1.976', '2021-06-30'),
(459, NULL, 10, 'empaquetados', '0.297', '0.314', '2021-06-30'),
(460, NULL, 11, 'empaquetados', '1.865', '1.976', '2021-06-30'),
(461, NULL, 12, 'empaquetados', '0.942', '0.998', '2021-06-30'),
(462, NULL, 1, 'fletes', '0.608', '0.644', '2021-06-30'),
(463, NULL, 2, 'fletes', '1.223', '1.296', '2021-06-30'),
(464, NULL, 3, 'fletes', '0.608', '0.644', '2021-06-30'),
(465, NULL, 4, 'fletes', '0.696', '0.737', '2021-06-30'),
(466, NULL, 6, 'fletes', '0.275', '0.291', '2021-06-30'),
(467, NULL, 1, 'metros cuadrados', '52.175', '55.305', '2021-06-30'),
(468, NULL, 2, 'metros cuadrados', '77.098', '81.723', '2021-06-30'),
(469, NULL, 2, 'troquelados', '3.060', '3.243', '2021-06-30'),
(470, NULL, 3, 'troquelados', '1.886', '1.999', '2021-06-30'),
(471, NULL, 1, 'troquelados', '3.674', '3.894', '2021-06-30'),
(472, NULL, 1, 'puestas', '3.060', '3.243', '2021-06-30'),
(473, NULL, 3, 'puestas', '3.674', '3.894', '2021-06-30'),
(474, NULL, 4, 'puestas', '3.060', '3.243', '2021-06-30'),
(475, NULL, 5, 'puestas', '1.747', '1.851', '2021-06-30'),
(476, NULL, 1, 'empaquetados', '0.366', '0.391', '2021-07-28'),
(477, NULL, 2, 'empaquetados', '0.814', '0.870', '2021-07-28'),
(478, NULL, 3, 'empaquetados', '0.597', '0.638', '2021-07-28'),
(479, NULL, 4, 'empaquetados', '0.496', '0.530', '2021-07-28'),
(480, NULL, 5, 'empaquetados', '0.598', '0.639', '2021-07-28'),
(481, NULL, 6, 'empaquetados', '0.598', '0.639', '2021-07-28'),
(482, NULL, 7, 'empaquetados', '0.598', '0.639', '2021-07-28'),
(483, NULL, 8, 'empaquetados', '0.262', '0.280', '2021-07-28'),
(484, NULL, 9, 'empaquetados', '1.976', '2.114', '2021-07-28'),
(485, NULL, 10, 'empaquetados', '0.314', '0.335', '2021-07-28'),
(486, NULL, 11, 'empaquetados', '1.976', '2.110', '2021-07-28'),
(487, NULL, 11, 'empaquetados', '2.110', '2.114', '2021-07-28'),
(488, NULL, 12, 'empaquetados', '0.998', '1.067', '2021-07-28'),
(489, NULL, 1, 'fletes', '0.644', '0.689', '2021-07-28'),
(490, NULL, 2, 'fletes', '1.296', '1.386', '2021-07-28'),
(491, NULL, 3, 'fletes', '0.644', '0.689', '2021-07-28'),
(492, NULL, 4, 'fletes', '0.737', '0.788', '2021-07-28'),
(493, NULL, 6, 'fletes', '0.291', '0.311', '2021-07-28'),
(494, NULL, 1, 'metros cuadrados', '55.305', '59.176', '2021-07-28'),
(495, NULL, 2, 'metros cuadrados', '81.723', '87.443', '2021-07-28'),
(496, NULL, 1, 'puestas', '3.243', '3.470', '2021-07-28'),
(497, NULL, 3, 'puestas', '3.894', '4.166', '2021-07-28'),
(498, NULL, 4, 'puestas', '3.243', '3.470', '2021-07-28'),
(499, NULL, 5, 'puestas', '1.851', '1.980', '2021-07-28'),
(500, NULL, 1, 'troquelados', '3.894', '4.166', '2021-07-28'),
(501, NULL, 2, 'troquelados', '3.243', '3.470', '2021-07-28'),
(502, NULL, 3, 'troquelados', '1.999', '2.138', '2021-07-28'),
(503, NULL, 1, '1 color', '3.060', '3.274', '2021-07-28'),
(504, NULL, 5, '2 colores', '5.092', '5.448', '2021-07-28'),
(505, NULL, 9, 'empaquetados', '2.114', '2.257', '2021-07-28'),
(506, NULL, 1, 'fletes', '0.689', '0.700', '2021-08-21'),
(507, NULL, 3, 'fletes', '0.689', '0.700', '2021-08-21'),
(508, NULL, 1, 'empaquetados', '0.391', '0.414', '2021-08-30'),
(509, NULL, 2, 'empaquetados', '0.870', '0.922', '2021-08-30'),
(510, NULL, 3, 'empaquetados', '0.638', '0.676', '2021-08-30'),
(511, NULL, 4, 'empaquetados', '0.530', '0.561', '2021-08-30'),
(512, NULL, 5, 'empaquetados', '0.639', '0.677', '2021-08-30'),
(513, NULL, 6, 'empaquetados', '0.639', '0.677', '2021-08-30'),
(514, NULL, 7, 'empaquetados', '0.639', '0.677', '2021-08-30'),
(515, NULL, 8, 'empaquetados', '0.280', '0.296', '2021-08-30'),
(516, NULL, 9, 'empaquetados', '2.257', '2.392', '2021-08-30'),
(517, NULL, 10, 'empaquetados', '0.335', '0.355', '2021-08-30'),
(518, NULL, 11, 'empaquetados', '2.114', '2.240', '2021-08-30'),
(519, NULL, 12, 'empaquetados', '1.067', '1.131', '2021-08-30'),
(520, NULL, 1, 'fletes', '0.700', '0.742', '2021-08-30'),
(521, NULL, 2, 'fletes', '1.386', '1.469', '2021-08-30'),
(522, NULL, 3, 'fletes', '0.700', '0.742', '2021-08-30'),
(523, NULL, 4, 'fletes', '0.788', '0.835', '2021-08-30'),
(524, NULL, 6, 'fletes', '0.311', '0.329', '2021-08-30'),
(525, NULL, 1, 'metros cuadrados', '59.176', '62.726', '2021-08-30'),
(526, NULL, 2, 'metros cuadrados', '87.443', '92.689', '2021-08-30'),
(527, NULL, 1, 'puestas', '3.470', '3.678', '2021-08-30'),
(528, NULL, 3, 'puestas', '4.166', '4.415', '2021-08-30'),
(529, NULL, 4, 'puestas', '3.470', '3.678', '2021-08-30'),
(530, NULL, 5, 'puestas', '1.980', '2.098', '2021-08-30'),
(531, NULL, 1, 'troquelados', '4.166', '4.415', '2021-08-30'),
(532, NULL, 2, 'troquelados', '3.470', '3.678', '2021-08-30'),
(533, NULL, 3, 'troquelados', '2.138', '2.266', '2021-08-30'),
(534, NULL, 1, 'metros cuadrados', '62.726', '66.489', '2021-10-05'),
(535, NULL, 2, 'metros cuadrados', '92.689', '98.250', '2021-10-05'),
(536, NULL, 1, 'fletes', '0.742', '0.800', '2021-10-05'),
(537, NULL, 2, 'fletes', '1.469', '1.600', '2021-10-05'),
(538, NULL, 1, 'empaquetados', '0.414', '0.430', '2021-12-01'),
(539, NULL, 2, 'empaquetados', '0.922', '0.958', '2021-12-01'),
(540, NULL, 3, 'empaquetados', '0.676', '0.703', '2021-12-01'),
(541, NULL, 4, 'empaquetados', '0.561', '0.583', '2021-12-01'),
(542, NULL, 5, 'empaquetados', '0.677', '0.704', '2021-12-01'),
(543, NULL, 6, 'empaquetados', '0.677', '0.704', '2021-12-01'),
(544, NULL, 7, 'empaquetados', '0.677', '0.704', '2021-12-01'),
(545, NULL, 8, 'empaquetados', '0.296', '0.307', '2021-12-01'),
(546, NULL, 9, 'empaquetados', '2.392', '2.487', '2021-12-01'),
(547, NULL, 10, 'empaquetados', '0.355', '0.369', '2021-12-01'),
(548, NULL, 11, 'empaquetados', '2.240', '2.329', '2021-12-01'),
(549, NULL, 12, 'empaquetados', '1.131', '1.176', '2021-12-01'),
(550, NULL, 1, 'fletes', '0.800', '0.832', '2021-12-01'),
(551, NULL, 2, 'fletes', '1.600', '1.664', '2021-12-01'),
(552, NULL, 1, 'metros cuadrados', '66.489', '69.148', '2021-12-01'),
(553, NULL, 2, 'metros cuadrados', '98.250', '102.180', '2021-12-01'),
(554, NULL, 1, 'puestas', '3.678', '3.825', '2021-12-01'),
(555, NULL, 3, 'puestas', '4.415', '4.591', '2021-12-01'),
(556, NULL, 4, 'puestas', '3.678', '3.825', '2021-12-01'),
(557, NULL, 5, 'puestas', '2.098', '2.181', '2021-12-01'),
(558, NULL, 1, 'troquelados', '4.415', '4.591', '2021-12-01'),
(559, NULL, 2, 'troquelados', '3.678', '3.825', '2021-12-01'),
(560, NULL, 3, 'troquelados', '2.266', '2.356', '2021-12-01'),
(561, NULL, 1, '1 color', '3.274', '3.404', '2021-12-01'),
(562, NULL, 5, '2 colores', '5.448', '5.665', '2021-12-01'),
(563, NULL, 1, 'empaquetados', '0.430', '0.447', '2022-01-04'),
(564, NULL, 2, 'empaquetados', '0.958', '0.996', '2022-01-04'),
(565, NULL, 3, 'empaquetados', '0.703', '0.731', '2022-01-04'),
(566, NULL, 4, 'empaquetados', '0.583', '0.606', '2022-01-04'),
(567, NULL, 5, 'empaquetados', '0.704', '0.732', '2022-01-04'),
(568, NULL, 6, 'empaquetados', '0.704', '0.732', '2022-01-04'),
(569, NULL, 7, 'empaquetados', '0.704', '0.732', '2022-01-04'),
(570, NULL, 8, 'empaquetados', '0.307', '0.319', '2022-01-04'),
(571, NULL, 9, 'empaquetados', '2.487', '2.586', '2022-01-04'),
(572, NULL, 10, 'empaquetados', '0.369', '0.383', '2022-01-04'),
(573, NULL, 11, 'empaquetados', '2.329', '2.422', '2022-01-04'),
(574, NULL, 12, 'empaquetados', '1.176', '1.223', '2022-01-04'),
(575, NULL, 1, 'fletes', '0.832', '0.865', '2022-01-04'),
(576, NULL, 2, 'fletes', '1.664', '1.730', '2022-01-04'),
(577, NULL, 1, 'metros cuadrados', '69.148', '71.913', '2022-01-04'),
(578, NULL, 2, 'metros cuadrados', '102.180', '106.267', '2022-01-04'),
(579, NULL, 1, 'troquelados', '4.591', '4.774', '2022-01-04'),
(580, NULL, 2, 'troquelados', '3.825', '3.978', '2022-01-04'),
(581, NULL, 3, 'troquelados', '2.356', '2.450', '2022-01-04'),
(582, NULL, 1, 'puestas', '3.825', '3.978', '2022-01-04'),
(583, NULL, 3, 'puestas', '4.591', '4.000', '2022-01-04'),
(584, NULL, 3, 'puestas', '4.000', '4.774', '2022-01-04'),
(585, NULL, 4, 'puestas', '3.825', '3.978', '2022-01-04'),
(586, NULL, 5, 'puestas', '2.181', '2.268', '2022-01-04'),
(587, NULL, 1, '1 color', '3.404', '3.540', '2022-01-04'),
(588, NULL, 6, '2 colores', '5.665', '5.891', '2022-01-04'),
(589, NULL, 1, 'metros cuadrados', '71.913', '107.260', '2022-10-05'),
(590, NULL, 2, 'metros cuadrados', '106.267', '170.970', '2022-10-05'),
(591, NULL, 1, 'metros cuadrados', '107.260', '115.840', '2022-10-05'),
(592, NULL, 1, 'empaquetados', '0.447', '0.600', '2022-10-06'),
(593, NULL, 2, 'empaquetados', '0.996', '1.543', '2022-10-06'),
(594, NULL, 3, 'empaquetados', '0.731', '1.133', '2022-10-06'),
(595, NULL, 4, 'empaquetados', '0.606', '0.939', '2022-10-06'),
(596, NULL, 5, 'empaquetados', '0.732', '1.134', '2022-10-06'),
(597, NULL, 6, 'empaquetados', '0.732', '0.761', '2022-10-06'),
(598, NULL, 7, 'empaquetados', '0.732', '1.139', '2022-10-06'),
(599, NULL, 8, 'empaquetados', '0.319', '0.494', '2022-10-06'),
(600, NULL, 9, 'empaquetados', '2.586', '4.008', '2022-10-06'),
(601, NULL, 9, 'empaquetados', '4.008', '10.000', '2022-10-06'),
(602, NULL, 10, 'empaquetados', '0.383', '0.593', '2022-10-06'),
(603, NULL, 11, 'empaquetados', '2.422', '7.500', '2022-10-06'),
(604, NULL, 12, 'empaquetados', '1.223', '1.895', '2022-10-06'),
(605, NULL, 1, 'fletes', '0.865', '1.400', '2022-10-06'),
(606, NULL, 2, 'fletes', '1.730', '2.800', '2022-10-06'),
(607, NULL, 1, 'puestas', '3.978', '4.500', '2022-10-06'),
(608, NULL, 3, 'puestas', '4.774', '5.400', '2022-10-06'),
(609, NULL, 4, 'puestas', '3.978', '4.500', '2022-10-06'),
(610, NULL, 5, 'puestas', '2.268', '3.500', '2022-10-06'),
(611, NULL, 2, 'troquelados', '3.978', '4.500', '2022-10-06'),
(612, NULL, 1, 'troquelados', '4.774', '5.500', '2022-10-06'),
(613, NULL, 3, 'puestas', '5.400', '5.500', '2022-10-06'),
(614, NULL, 3, 'troquelados', '2.450', '3.800', '2022-10-06'),
(615, NULL, 3, 'troquelados', '3.800', '4.250', '2022-10-06'),
(616, NULL, 1, '1 color', '3.540', '5.000', '2022-10-06'),
(617, NULL, 6, '2 colores', '5.891', '7.500', '2022-10-06'),
(618, NULL, 3, 'troquelados', '4.250', '3.800', '2022-10-06'),
(619, NULL, 3, 'troquelados', '3.800', '3.200', '2022-10-06'),
(620, NULL, 3, 'troquelados', '3.200', '2.900', '2022-10-06');

-- --------------------------------------------------------

--
-- Estructura de tabla para la tabla `dolar`
--

CREATE TABLE `dolar` (
  `id` int(11) NOT NULL,
  `precio` decimal(25,2) NOT NULL
) ENGINE=InnoDB DEFAULT CHARSET=latin1;

--
-- Volcado de datos para la tabla `dolar`
--

INSERT INTO `dolar` (`id`, `precio`) VALUES
(99, '77.00');

-- --------------------------------------------------------

--
-- Estructura de tabla para la tabla `empaquetados`
--

CREATE TABLE `empaquetados` (
  `id` int(11) NOT NULL,
  `descripcion` varchar(60) DEFAULT NULL,
  `precio` decimal(25,3) NOT NULL
) ENGINE=InnoDB DEFAULT CHARSET=latin1;

--
-- Volcado de datos para la tabla `empaquetados`
--

INSERT INTO `empaquetados` (`id`, `descripcion`, `precio`) VALUES
(1, 'Medida Estandar', '0.600'),
(2, 'HAMBURGUESA Y PIZZETA', '1.543'),
(3, 'PIZZA 35 Y PIZZA PARRILLA', '1.133'),
(4, 'MEDIA PIZZA', '0.939'),
(5, 'EMP 1 DOC Y SANDWICH', '1.134'),
(6, 'HAMBURGUESA DOBLE', '0.761'),
(7, 'EMPANADA 2 DOC 1/2', '1.139'),
(8, 'AROMAS ZEN', '0.494'),
(9, 'CATERING GDE', '10.000'),
(10, 'SOLENOIDE ARRANQUE', '0.593'),
(11, 'CATERING CHICO', '7.500'),
(12, 'SUPER PIZZA', '1.895');

-- --------------------------------------------------------

--
-- Estructura de tabla para la tabla `fletes`
--

CREATE TABLE `fletes` (
  `id` int(11) NOT NULL,
  `precio` decimal(25,3) NOT NULL
) ENGINE=InnoDB DEFAULT CHARSET=latin1;

--
-- Volcado de datos para la tabla `fletes`
--

INSERT INTO `fletes` (`id`, `precio`) VALUES
(1, '1.400'),
(2, '2.800'),
(5, '0.000');

-- --------------------------------------------------------

--
-- Estructura de tabla para la tabla `metroscuadrados`
--

CREATE TABLE `metroscuadrados` (
  `id` int(11) NOT NULL,
  `nombre` varchar(60) NOT NULL,
  `precio` decimal(25,3) NOT NULL,
  `manual` tinyint(1) NOT NULL DEFAULT '0'
) ENGINE=InnoDB DEFAULT CHARSET=latin1;

--
-- Volcado de datos para la tabla `metroscuadrados`
--

INSERT INTO `metroscuadrados` (`id`, `nombre`, `precio`, `manual`) VALUES
(1, 'MM', '115.840', 0),
(2, 'BM', '170.970', 0);

-- --------------------------------------------------------

--
-- Estructura de tabla para la tabla `onecolor`
--

CREATE TABLE `onecolor` (
  `id` int(11) NOT NULL,
  `precio` decimal(25,3) NOT NULL
) ENGINE=InnoDB DEFAULT CHARSET=latin1;

--
-- Volcado de datos para la tabla `onecolor`
--

INSERT INTO `onecolor` (`id`, `precio`) VALUES
(1, '5.000');

-- --------------------------------------------------------

--
-- Estructura de tabla para la tabla `pegados`
--

CREATE TABLE `pegados` (
  `id` int(11) NOT NULL,
  `descripcion` varchar(60) DEFAULT NULL,
  `precio` decimal(25,3) NOT NULL
) ENGINE=InnoDB DEFAULT CHARSET=latin1;

--
-- Volcado de datos para la tabla `pegados`
--

INSERT INTO `pegados` (`id`, `descripcion`, `precio`) VALUES
(0, 'sin precio', '0.000'),
(4, 'SOLENOIDE ARRANQUE', '1.000');

-- --------------------------------------------------------

--
-- Estructura de tabla para la tabla `pegamentos`
--

CREATE TABLE `pegamentos` (
  `id` int(11) NOT NULL,
  `descripcion` varchar(60) DEFAULT NULL,
  `precio_dolar` int(11) NOT NULL,
  `precio_kilo` decimal(25,2) NOT NULL,
  `cantidad` int(11) NOT NULL,
  `porcentaje` int(11) NOT NULL
) ENGINE=InnoDB DEFAULT CHARSET=latin1;

--
-- Volcado de datos para la tabla `pegamentos`
--

INSERT INTO `pegamentos` (`id`, `descripcion`, `precio_dolar`, `precio_kilo`, `cantidad`, `porcentaje`) VALUES
(2, 'SOLENOIDE ARRANQUE 1', 99, '3.30', 2, 6);

-- --------------------------------------------------------

--
-- Estructura de tabla para la tabla `pliegos`
--

CREATE TABLE `pliegos` (
  `id` int(11) NOT NULL,
  `cantidad` int(11) NOT NULL
) ENGINE=InnoDB DEFAULT CHARSET=latin1;

--
-- Volcado de datos para la tabla `pliegos`
--

INSERT INTO `pliegos` (`id`, `cantidad`) VALUES
(1, 1),
(2, 2),
(3, 3),
(4, 4),
(5, 5);

-- --------------------------------------------------------

--
-- Estructura de tabla para la tabla `puestas`
--

CREATE TABLE `puestas` (
  `id` int(11) NOT NULL,
  `descripcion` varchar(60) DEFAULT NULL,
  `precio` decimal(25,3) NOT NULL
) ENGINE=InnoDB DEFAULT CHARSET=latin1;

--
-- Volcado de datos para la tabla `puestas`
--

INSERT INTO `puestas` (`id`, `descripcion`, `precio`) VALUES
(1, 'MAQUINA CHICA ESPECIAL', '4.500'),
(2, 'Medida estandar', '0.000'),
(3, 'MAQUINA GRANDE ESPECIAL', '5.500'),
(4, 'SOLENOIDE ARRANQUE', '4.500'),
(5, 'PIZZA OCTOGONAL', '3.500');

-- --------------------------------------------------------

--
-- Estructura de tabla para la tabla `troquelados`
--

CREATE TABLE `troquelados` (
  `id` int(11) NOT NULL,
  `descripcion` varchar(60) DEFAULT NULL,
  `precio` decimal(25,3) NOT NULL
) ENGINE=InnoDB DEFAULT CHARSET=latin1;

--
-- Volcado de datos para la tabla `troquelados`
--

INSERT INTO `troquelados` (`id`, `descripcion`, `precio`) VALUES
(1, 'MAQUINA GRANDE', '5.500'),
(2, 'MAQUINA CHICA', '4.500'),
(3, 'Estandar', '2.900');

-- --------------------------------------------------------

--
-- Estructura de tabla para la tabla `twocolor`
--

CREATE TABLE `twocolor` (
  `id` int(11) NOT NULL,
  `precio` decimal(25,3) NOT NULL
) ENGINE=InnoDB DEFAULT CHARSET=latin1;

--
-- Volcado de datos para la tabla `twocolor`
--

INSERT INTO `twocolor` (`id`, `precio`) VALUES
(1, '7.500');

--
-- Índices para tablas volcadas
--

--
-- Indices de la tabla `cajas`
--
ALTER TABLE `cajas`
  ADD PRIMARY KEY (`id`),
  ADD KEY `pliego` (`pliego`);

--
-- Indices de la tabla `calculos`
--
ALTER TABLE `calculos`
  ADD PRIMARY KEY (`id`),
  ADD KEY `id_caja` (`id_caja`,`id_metroscuadrados`,`id_fletes`,`id_troquelados`,`id_empaquetados`,`id_puestas`,`id_onecolor`,`id_twocolor`),
  ADD KEY `id_metroscuadrados` (`id_metroscuadrados`),
  ADD KEY `id_fletes` (`id_fletes`),
  ADD KEY `id_troquelados` (`id_troquelados`),
  ADD KEY `id_empaquetados` (`id_empaquetados`),
  ADD KEY `id_puestas` (`id_puestas`),
  ADD KEY `id_onecolor` (`id_onecolor`),
  ADD KEY `id_twocolor` (`id_twocolor`),
  ADD KEY `id_pegamentos` (`id_pegamentos`),
  ADD KEY `id_pegados` (`id_pegados`);

--
-- Indices de la tabla `cambios_listado`
--
ALTER TABLE `cambios_listado`
  ADD PRIMARY KEY (`id`);

--
-- Indices de la tabla `cambios_precio`
--
ALTER TABLE `cambios_precio`
  ADD PRIMARY KEY (`id`);

--
-- Indices de la tabla `dolar`
--
ALTER TABLE `dolar`
  ADD PRIMARY KEY (`id`);

--
-- Indices de la tabla `empaquetados`
--
ALTER TABLE `empaquetados`
  ADD PRIMARY KEY (`id`);

--
-- Indices de la tabla `fletes`
--
ALTER TABLE `fletes`
  ADD PRIMARY KEY (`id`);

--
-- Indices de la tabla `metroscuadrados`
--
ALTER TABLE `metroscuadrados`
  ADD PRIMARY KEY (`id`);

--
-- Indices de la tabla `onecolor`
--
ALTER TABLE `onecolor`
  ADD PRIMARY KEY (`id`);

--
-- Indices de la tabla `pegados`
--
ALTER TABLE `pegados`
  ADD PRIMARY KEY (`id`);

--
-- Indices de la tabla `pegamentos`
--
ALTER TABLE `pegamentos`
  ADD PRIMARY KEY (`id`),
  ADD KEY `precio_dolar` (`precio_dolar`),
  ADD KEY `id` (`id`);

--
-- Indices de la tabla `pliegos`
--
ALTER TABLE `pliegos`
  ADD PRIMARY KEY (`id`);

--
-- Indices de la tabla `puestas`
--
ALTER TABLE `puestas`
  ADD PRIMARY KEY (`id`);

--
-- Indices de la tabla `troquelados`
--
ALTER TABLE `troquelados`
  ADD PRIMARY KEY (`id`);

--
-- Indices de la tabla `twocolor`
--
ALTER TABLE `twocolor`
  ADD PRIMARY KEY (`id`);

--
-- AUTO_INCREMENT de las tablas volcadas
--

--
-- AUTO_INCREMENT de la tabla `cajas`
--
ALTER TABLE `cajas`
  MODIFY `id` int(11) NOT NULL AUTO_INCREMENT, AUTO_INCREMENT=48;

--
-- AUTO_INCREMENT de la tabla `calculos`
--
ALTER TABLE `calculos`
  MODIFY `id` int(11) NOT NULL AUTO_INCREMENT, AUTO_INCREMENT=52;

--
-- AUTO_INCREMENT de la tabla `cambios_listado`
--
ALTER TABLE `cambios_listado`
  MODIFY `id` int(11) NOT NULL AUTO_INCREMENT;

--
-- AUTO_INCREMENT de la tabla `cambios_precio`
--
ALTER TABLE `cambios_precio`
  MODIFY `id` int(60) NOT NULL AUTO_INCREMENT, AUTO_INCREMENT=621;

--
-- AUTO_INCREMENT de la tabla `dolar`
--
ALTER TABLE `dolar`
  MODIFY `id` int(11) NOT NULL AUTO_INCREMENT, AUTO_INCREMENT=100;

--
-- AUTO_INCREMENT de la tabla `empaquetados`
--
ALTER TABLE `empaquetados`
  MODIFY `id` int(11) NOT NULL AUTO_INCREMENT, AUTO_INCREMENT=13;

--
-- AUTO_INCREMENT de la tabla `fletes`
--
ALTER TABLE `fletes`
  MODIFY `id` int(11) NOT NULL AUTO_INCREMENT, AUTO_INCREMENT=6;

--
-- AUTO_INCREMENT de la tabla `metroscuadrados`
--
ALTER TABLE `metroscuadrados`
  MODIFY `id` int(11) NOT NULL AUTO_INCREMENT, AUTO_INCREMENT=3;

--
-- AUTO_INCREMENT de la tabla `onecolor`
--
ALTER TABLE `onecolor`
  MODIFY `id` int(11) NOT NULL AUTO_INCREMENT, AUTO_INCREMENT=2;

--
-- AUTO_INCREMENT de la tabla `pegados`
--
ALTER TABLE `pegados`
  MODIFY `id` int(11) NOT NULL AUTO_INCREMENT, AUTO_INCREMENT=5;

--
-- AUTO_INCREMENT de la tabla `pegamentos`
--
ALTER TABLE `pegamentos`
  MODIFY `id` int(11) NOT NULL AUTO_INCREMENT, AUTO_INCREMENT=3;

--
-- AUTO_INCREMENT de la tabla `puestas`
--
ALTER TABLE `puestas`
  MODIFY `id` int(11) NOT NULL AUTO_INCREMENT, AUTO_INCREMENT=6;

--
-- AUTO_INCREMENT de la tabla `troquelados`
--
ALTER TABLE `troquelados`
  MODIFY `id` int(11) NOT NULL AUTO_INCREMENT, AUTO_INCREMENT=4;

--
-- AUTO_INCREMENT de la tabla `twocolor`
--
ALTER TABLE `twocolor`
  MODIFY `id` int(11) NOT NULL AUTO_INCREMENT, AUTO_INCREMENT=2;

--
-- Restricciones para tablas volcadas
--

--
-- Filtros para la tabla `cajas`
--
ALTER TABLE `cajas`
  ADD CONSTRAINT `cajas_ibfk_1` FOREIGN KEY (`pliego`) REFERENCES `pliegos` (`id`);

--
-- Filtros para la tabla `calculos`
--
ALTER TABLE `calculos`
  ADD CONSTRAINT `calculos_ibfk_1` FOREIGN KEY (`id_caja`) REFERENCES `cajas` (`id`),
  ADD CONSTRAINT `calculos_ibfk_11` FOREIGN KEY (`id_pegados`) REFERENCES `pegados` (`id`),
  ADD CONSTRAINT `calculos_ibfk_3` FOREIGN KEY (`id_metroscuadrados`) REFERENCES `metroscuadrados` (`id`),
  ADD CONSTRAINT `calculos_ibfk_4` FOREIGN KEY (`id_fletes`) REFERENCES `fletes` (`id`),
  ADD CONSTRAINT `calculos_ibfk_5` FOREIGN KEY (`id_troquelados`) REFERENCES `troquelados` (`id`),
  ADD CONSTRAINT `calculos_ibfk_6` FOREIGN KEY (`id_empaquetados`) REFERENCES `empaquetados` (`id`),
  ADD CONSTRAINT `calculos_ibfk_7` FOREIGN KEY (`id_puestas`) REFERENCES `puestas` (`id`),
  ADD CONSTRAINT `calculos_ibfk_8` FOREIGN KEY (`id_onecolor`) REFERENCES `onecolor` (`id`),
  ADD CONSTRAINT `calculos_ibfk_9` FOREIGN KEY (`id_twocolor`) REFERENCES `twocolor` (`id`);

--
-- Filtros para la tabla `pegamentos`
--
ALTER TABLE `pegamentos`
  ADD CONSTRAINT `pegamentos_ibfk_1` FOREIGN KEY (`precio_dolar`) REFERENCES `dolar` (`id`);
COMMIT;

/*!40101 SET CHARACTER_SET_CLIENT=@OLD_CHARACTER_SET_CLIENT */;
/*!40101 SET CHARACTER_SET_RESULTS=@OLD_CHARACTER_SET_RESULTS */;
/*!40101 SET COLLATION_CONNECTION=@OLD_COLLATION_CONNECTION */;
